"Action","User ID","Handle","Full Name","User Link","Post Link","Success","Error","Time"
"Follow","did:plc:anrtta3namap32kexxigxuie","sametirkoren.bsky.social","Samet","https://bsky.app/profile/sametirkoren.bsky.social","","YES","","2025-04-05T15:18:23.107Z"
"Follow","did:plc:wa77blfapgw2nyqdk6hxuzs3","luckayy.bsky.social","Luckayy","https://bsky.app/profile/luckayy.bsky.social","","YES","","2025-04-05T15:18:29.087Z"
"Follow","did:plc:acol5ob7jc5pl3sbnn2bij6h","rohancaldwell.bsky.social","","https://bsky.app/profile/rohancaldwell.bsky.social","","YES","","2025-04-05T15:18:36.372Z"
"Follow","did:plc:yureedoqzezcouc3vjpeb3b4","allisaid.bsky.social","","https://bsky.app/profile/allisaid.bsky.social","","YES","","2025-04-05T15:18:43.989Z"
"Follow","did:plc:gt3g7ydznv77u2qj6w2md7vv","mstechtr.bsky.social","","https://bsky.app/profile/mstechtr.bsky.social","","YES","","2025-04-05T15:18:54.627Z"
"Follow","did:plc:hvafz3y44iocm5lkhbi7wmld","semasezen.bsky.social","","https://bsky.app/profile/semasezen.bsky.social","","YES","","2025-04-05T15:18:58.188Z"
"Follow","did:plc:ntm5rz6pc6my5fzrjwxzmwz6","ademdan.bsky.social","","https://bsky.app/profile/ademdan.bsky.social","","YES","","2025-04-05T15:19:03.252Z"
"Follow","did:plc:hsrvlxnfptaeer4nbmoms5pt","assignment-done.bsky.social","","https://bsky.app/profile/assignment-done.bsky.social","","YES","","2025-04-05T15:19:10.670Z"
"Follow","did:plc:avlmcrwq77ucodrmctw6pnhm","urbe07.bsky.social","","https://bsky.app/profile/urbe07.bsky.social","","YES","","2025-04-05T15:19:16.608Z"
"Follow","did:plc:2wvxobrfd3dy7st3ltupebny","raymond2228.bsky.social","","https://bsky.app/profile/raymond2228.bsky.social","","YES","","2025-04-05T15:19:26.000Z"